{
  "loss": [
    0.6199503109701081,
    0.5558875798974904,
    0.5277461442754018,
    0.5177784701807658,
    0.5033116706087041,
    0.49270562160643344,
    0.49034094381676624,
    0.48455007732491695,
    0.4776580092859418,
    0.4718232730277996,
    0.46824229760869723,
    0.4686669817711771,
    0.46280634429093603,
    0.46182983397907,
    0.4625507095730928,
    0.4612773921782865,
    0.45343824495222557,
    0.4541295460769929,
    0.45483246568530733,
    0.4534327325387586,
    0.449152607141352,
    0.450989110474183,
    0.4466478067230534,
    0.44541377289982553,
    0.444465570773899,
    0.4429001215505522,
    0.4434433623984145,
    0.44253983171220074,
    0.4424201526993428,
    0.43879591880032226,
    0.4394008800890198,
    0.4366032315685311,
    0.4340168926791249,
    0.43561294261388167,
    0.43315183347098835,
    0.4372177362886335,
    0.43216048706311866,
    0.42772760622606687,
    0.431876829823718,
    0.4309915499358252,
    0.4275020526672995,
    0.42702706878791474,
    0.4284959737347878,
    0.42393782220460746,
    0.42483978351024154,
    0.4252332151910205,
    0.42433470124736555,
    0.42347830329320235,
    0.4233445661156274,
    0.42198680640722025,
    0.42053009552225495,
    0.42221253878573206,
    0.42099350213604264,
    0.4211370504203821,
    0.4163706347525509,
    0.4228730817980829,
    0.4174627558093097,
    0.4157869889336767,
    0.4134611934442112,
    0.4163093741688711
  ],
  "val_loss": [
    0.5562844149607263,
    0.5207025938213748,
    0.49817769973589426,
    0.47994837736725926,
    0.4670357648148686,
    0.45877235693825796,
    0.4527842814965419,
    0.4476489621029552,
    0.4450997075712858,
    0.44120305866030995,
    0.4389454147142697,
    0.4359776694155856,
    0.4339251037915286,
    0.43136342040792675,
    0.42993402183411067,
    0.4292607375986141,
    0.4274273578401595,
    0.4260913733594249,
    0.42455764920174993,
    0.4231254190851683,
    0.42225801946680325,
    0.42084921279407833,
    0.41948913279070243,
    0.4191976521658108,
    0.4185225039439368,
    0.41690465810789623,
    0.4170797732029047,
    0.41619419614311215,
    0.41486093691281756,
    0.4141186572869819,
    0.41293063628574017,
    0.4131315264784146,
    0.41162782320087293,
    0.4119352731922441,
    0.4103886991842988,
    0.4091952383223989,
    0.4093300536955423,
    0.40685351801418734,
    0.40728812749789345,
    0.4077602012371167,
    0.40682830706638684,
    0.40626711749217836,
    0.4058054776409578,
    0.4057007256932368,
    0.4043041192573795,
    0.4042160570323229,
    0.40405805088573915,
    0.40355710514944876,
    0.40357196456645955,
    0.40285640972660264,
    0.4027922010051281,
    0.40311830698865425,
    0.40237023519057336,
    0.40220708359851254,
    0.401480713621075,
    0.40200278132281553,
    0.40139134966613144,
    0.40079561279760023,
    0.4002779014740626,
    0.4007539800015864
  ],
  "val_acc": [
    0.7349051178838413,
    0.7412305922944221,
    0.7498562392179413,
    0.765382403680276,
    0.7768832662449684,
    0.7797584818861415,
    0.7843588269120184,
    0.7814836112708453,
    0.7855089131684876,
    0.7849338700402531,
    0.7860839562967222,
    0.7889591719378953,
    0.7860839562967222,
    0.7901092581943646,
    0.7906843013225991,
    0.7918343875790684,
    0.7941345600920069,
    0.7924094307073031,
    0.7924094307073031,
    0.7929844738355377,
    0.7918343875790684,
    0.7981598619896493,
    0.7952846463484762,
    0.7964347326049454,
    0.7964347326049454,
    0.7964347326049454,
    0.7952846463484762,
    0.7975848188614146,
    0.7993099482461185,
    0.7987349051178838,
    0.7998849913743531,
    0.7993099482461185,
    0.8016101207590569,
    0.8004600345025877,
    0.8050603795284647,
    0.8039102932719954,
    0.8056354226566993,
    0.8073605520414031,
    0.8050603795284647,
    0.8079355951696378,
    0.8067855089131685,
    0.8090856814261069,
    0.8079355951696378,
    0.8073605520414031,
    0.8079355951696378,
    0.8073605520414031,
    0.8085106382978723,
    0.8085106382978723,
    0.8056354226566993,
    0.8090856814261069,
    0.8062104657849338,
    0.8073605520414031,
    0.8062104657849338,
    0.8085106382978723,
    0.8056354226566993,
    0.8079355951696378,
    0.8090856814261069,
    0.8079355951696378,
    0.8067855089131685,
    0.8079355951696378
  ]
}