{
  "model": "report repro",
  "accuracy": 0.7336089781453042,
  "f1": 0.7069525666016894,
  "roc_auc": 0.7908651229010509
}