{
  "model": "v2 (from-scratch NN)",
  "accuracy": 0.8079355951696378,
  "f1": 0.8035294117647059,
  "roc_auc": 0.8960658105684216
}